data,regione,classe_numero_casi
20-02-17,Piemonte,1-10
20-02-17,Valle Aosta,1-10
20-05-18,Valle Aosta,1-10
20-05-25,Valle Aosta,1-10
20-06-01,Valle Aosta,1-10
20-06-08,Valle Aosta,1-10
20-06-15,Valle Aosta,1-10
20-06-22,Valle Aosta,1-10
20-06-29,Valle Aosta,1-10
20-07-13,Valle Aosta,1-10
20-08-03,Valle Aosta,1-10
20-08-10,Valle Aosta,1-10
20-08-17,Valle Aosta,1-10
20-08-31,Valle Aosta,1-10
21-06-28,Valle Aosta,1-10
21-07-05,Valle Aosta,1-10
20-02-24,PA Bolzano,1-10
20-05-18,PA Bolzano,1-10
20-05-25,PA Bolzano,1-10
20-06-01,PA Bolzano,1-10
20-06-08,PA Bolzano,1-10
20-06-22,PA Bolzano,1-10
20-06-29,PA Bolzano,1-10
20-07-06,PA Trento,1-10
20-07-13,PA Trento,1-10
20-08-10,PA Trento,1-10
20-06-15,Friuli,1-10
20-06-22,Friuli,1-10
20-07-06,Friuli,1-10
20-02-24,Umbria,1-10
20-05-11,Umbria,1-10
20-05-18,Umbria,1-10
20-05-25,Umbria,1-10
20-06-01,Umbria,1-10
20-06-08,Umbria,1-10
20-06-15,Umbria,1-10
20-06-22,Umbria,1-10
20-06-29,Umbria,1-10
20-07-06,Umbria,1-10
20-07-13,Umbria,1-10
20-07-20,Umbria,1-10
20-06-22,Marche,1-10
20-06-29,Marche,1-10
20-07-13,Marche,1-10
20-02-24,Abruzzo,1-10
20-06-15,Abruzzo,1-10
20-06-22,Abruzzo,1-10
20-03-09,Molise,1-10
20-04-27,Molise,1-10
20-05-18,Molise,1-10
20-05-25,Molise,1-10
20-06-01,Molise,1-10
20-06-08,Molise,1-10
20-06-15,Molise,1-10
20-06-22,Molise,1-10
20-07-06,Molise,1-10
20-07-27,Molise,1-10
20-08-03,Molise,1-10
21-06-28,Molise,1-10
20-02-24,Puglia,1-10
20-06-08,Puglia,1-10
20-06-15,Puglia,1-10
20-06-22,Puglia,1-10
20-06-29,Puglia,1-10
20-07-06,Puglia,1-10
20-03-02,Basilicata,1-10
20-05-04,Basilicata,1-10
20-05-11,Basilicata,1-10
20-05-18,Basilicata,1-10
20-05-25,Basilicata,1-10
20-06-01,Basilicata,1-10
20-06-08,Basilicata,1-10
20-06-22,Basilicata,1-10
20-06-29,Basilicata,1-10
20-07-06,Basilicata,1-10
20-07-13,Basilicata,1-10
20-07-27,Basilicata,1-10
20-08-10,Basilicata,1-10
20-02-24,Calabria,1-10
20-05-11,Calabria,1-10
20-05-18,Calabria,1-10
20-05-25,Calabria,1-10
20-06-01,Calabria,1-10
20-06-08,Calabria,1-10
20-06-22,Calabria,1-10
20-06-29,Calabria,1-10
20-07-20,Calabria,1-10
20-02-24,Sicilia,1-10
21-07-12,Sicilia,1-10
20-02-24,Sardegna,1-10
20-05-11,Sardegna,1-10
20-05-18,Sardegna,1-10
20-05-25,Sardegna,1-10
20-06-01,Sardegna,1-10
20-06-08,Sardegna,1-10
20-06-15,Sardegna,1-10
20-06-22,Sardegna,1-10
20-06-29,Sardegna,1-10
20-07-06,Sardegna,1-10
20-07-13,Sardegna,1-10
20-07-20,Sardegna,1-10
20-02-24,Piemonte,11-50
20-07-13,Piemonte,11-50
20-03-02,Valle Aosta,11-50
20-04-20,Valle Aosta,11-50
20-04-27,Valle Aosta,11-50
20-05-04,Valle Aosta,11-50
20-05-11,Valle Aosta,11-50
20-07-27,Valle Aosta,11-50
20-08-24,Valle Aosta,11-50
20-09-07,Valle Aosta,11-50
20-09-14,Valle Aosta,11-50
20-09-21,Valle Aosta,11-50
20-09-28,Valle Aosta,11-50
21-05-31,Valle Aosta,11-50
21-06-07,Valle Aosta,11-50
21-06-14,Valle Aosta,11-50
21-06-21,Valle Aosta,11-50
20-03-02,PA Bolzano,11-50
20-04-27,PA Bolzano,11-50
20-05-04,PA Bolzano,11-50
20-05-11,PA Bolzano,11-50
20-06-15,PA Bolzano,11-50
20-07-06,PA Bolzano,11-50
20-07-13,PA Bolzano,11-50
20-07-20,PA Bolzano,11-50
20-07-27,PA Bolzano,11-50
20-08-03,PA Bolzano,11-50
20-08-10,PA Bolzano,11-50
21-06-21,PA Bolzano,11-50
21-06-28,PA Bolzano,11-50
20-03-02,PA Trento,11-50
20-05-25,PA Trento,11-50
20-06-01,PA Trento,11-50
20-06-08,PA Trento,11-50
20-06-15,PA Trento,11-50
20-06-22,PA Trento,11-50
20-06-29,PA Trento,11-50
20-07-27,PA Trento,11-50
20-08-03,PA Trento,11-50
20-08-17,PA Trento,11-50
21-06-14,PA Trento,11-50
21-06-21,PA Trento,11-50
21-06-28,PA Trento,11-50
21-07-05,PA Trento,11-50
20-02-17,Veneto,11-50
20-06-01,Veneto,11-50
20-06-08,Veneto,11-50
20-06-15,Veneto,11-50
20-06-22,Veneto,11-50
20-02-24,Friuli,11-50
20-05-18,Friuli,11-50
20-05-25,Friuli,11-50
20-06-01,Friuli,11-50
20-06-08,Friuli,11-50
20-06-29,Friuli,11-50
20-07-13,Friuli,11-50
20-07-20,Friuli,11-50
20-07-27,Friuli,11-50
20-08-03,Friuli,11-50
20-06-08,Liguria,11-50
20-06-22,Liguria,11-50
20-06-29,Liguria,11-50
20-07-06,Liguria,11-50
21-06-21,Liguria,11-50
20-02-17,Emilia,11-50
20-02-24,Toscana,11-50
20-05-25,Toscana,11-50
20-06-01,Toscana,11-50
20-06-08,Toscana,11-50
20-06-15,Toscana,11-50
20-06-22,Toscana,11-50
20-07-06,Toscana,11-50
20-07-13,Toscana,11-50
20-03-02,Umbria,11-50
20-04-13,Umbria,11-50
20-04-20,Umbria,11-50
20-04-27,Umbria,11-50
20-05-04,Umbria,11-50
20-07-27,Umbria,11-50
20-08-03,Umbria,11-50
20-08-10,Umbria,11-50
20-02-24,Marche,11-50
20-05-18,Marche,11-50
20-05-25,Marche,11-50
20-06-01,Marche,11-50
20-06-08,Marche,11-50
20-06-15,Marche,11-50
20-07-06,Marche,11-50
20-07-20,Marche,11-50
20-02-24,Lazio,11-50
20-03-02,Abruzzo,11-50
20-05-18,Abruzzo,11-50
20-05-25,Abruzzo,11-50
20-06-01,Abruzzo,11-50
20-06-08,Abruzzo,11-50
20-06-29,Abruzzo,11-50
20-07-06,Abruzzo,11-50
20-07-13,Abruzzo,11-50
20-07-20,Abruzzo,11-50
20-07-27,Abruzzo,11-50
20-03-02,Molise,11-50
20-03-16,Molise,11-50
20-04-06,Molise,11-50
20-04-13,Molise,11-50
20-04-20,Molise,11-50
20-05-11,Molise,11-50
20-07-20,Molise,11-50
20-08-10,Molise,11-50
20-08-17,Molise,11-50
20-08-24,Molise,11-50
20-08-31,Molise,11-50
20-09-07,Molise,11-50
20-09-14,Molise,11-50
20-09-21,Molise,11-50
20-09-28,Molise,11-50
21-05-17,Molise,11-50
21-05-24,Molise,11-50
21-05-31,Molise,11-50
21-06-07,Molise,11-50
21-06-14,Molise,11-50
21-06-21,Molise,11-50
21-07-05,Molise,11-50
20-02-24,Campania,11-50
20-06-01,Campania,11-50
20-06-08,Campania,11-50
20-06-15,Campania,11-50
20-07-06,Campania,11-50
20-03-02,Puglia,11-50
20-05-25,Puglia,11-50
20-06-01,Puglia,11-50
20-07-13,Puglia,11-50
20-07-20,Puglia,11-50
20-03-09,Basilicata,11-50
20-04-06,Basilicata,11-50
20-04-13,Basilicata,11-50
20-04-20,Basilicata,11-50
20-04-27,Basilicata,11-50
20-07-20,Basilicata,11-50
20-08-03,Basilicata,11-50
20-08-17,Basilicata,11-50
20-08-24,Basilicata,11-50
20-08-31,Basilicata,11-50
20-09-14,Basilicata,11-50
20-03-02,Calabria,11-50
20-04-20,Calabria,11-50
20-04-27,Calabria,11-50
20-05-04,Calabria,11-50
20-06-15,Calabria,11-50
20-07-06,Calabria,11-50
20-07-13,Calabria,11-50
20-07-27,Calabria,11-50
20-08-03,Calabria,11-50
20-08-17,Calabria,11-50
20-05-11,Sicilia,11-50
20-05-18,Sicilia,11-50
20-05-25,Sicilia,11-50
20-06-01,Sicilia,11-50
20-06-08,Sicilia,11-50
20-06-15,Sicilia,11-50
20-06-22,Sicilia,11-50
20-06-29,Sicilia,11-50
20-07-06,Sicilia,11-50
20-07-13,Sicilia,11-50
20-03-02,Sardegna,11-50
20-04-20,Sardegna,11-50
20-04-27,Sardegna,11-50
20-05-04,Sardegna,11-50
20-07-27,Sardegna,11-50
20-08-03,Sardegna,11-50
20-06-01,Piemonte,51-100
20-06-08,Piemonte,51-100
20-06-15,Piemonte,51-100
20-06-22,Piemonte,51-100
20-06-29,Piemonte,51-100
20-07-06,Piemonte,51-100
20-07-20,Piemonte,51-100
20-07-27,Piemonte,51-100
20-08-03,Piemonte,51-100
21-06-28,Piemonte,51-100
21-07-05,Piemonte,51-100
20-03-09,Valle Aosta,51-100
20-03-23,Valle Aosta,51-100
20-04-06,Valle Aosta,51-100
20-04-13,Valle Aosta,51-100
20-10-05,Valle Aosta,51-100
20-12-07,Valle Aosta,51-100
20-12-14,Valle Aosta,51-100
20-12-21,Valle Aosta,51-100
20-12-28,Valle Aosta,51-100
21-01-04,Valle Aosta,51-100
21-01-11,Valle Aosta,51-100
21-01-18,Valle Aosta,51-100
21-01-25,Valle Aosta,51-100
21-02-01,Valle Aosta,51-100
21-02-08,Valle Aosta,51-100
21-02-15,Valle Aosta,51-100
21-02-22,Valle Aosta,51-100
21-03-01,Valle Aosta,51-100
21-05-03,Valle Aosta,51-100
21-05-10,Valle Aosta,51-100
21-05-17,Valle Aosta,51-100
21-05-24,Valle Aosta,51-100
20-02-17,Lombardia,51-100
20-04-20,PA Bolzano,51-100
20-08-17,PA Bolzano,51-100
20-08-24,PA Bolzano,51-100
20-08-31,PA Bolzano,51-100
20-09-07,PA Bolzano,51-100
20-09-14,PA Bolzano,51-100
20-09-21,PA Bolzano,51-100
20-09-28,PA Bolzano,51-100
21-05-31,PA Bolzano,51-100
21-06-07,PA Bolzano,51-100
21-06-14,PA Bolzano,51-100
21-07-05,PA Bolzano,51-100
20-05-11,PA Trento,51-100
20-05-18,PA Trento,51-100
20-07-20,PA Trento,51-100
20-08-24,PA Trento,51-100
20-09-07,PA Trento,51-100
21-05-31,PA Trento,51-100
21-06-07,PA Trento,51-100
20-05-18,Veneto,51-100
20-05-25,Veneto,51-100
20-06-29,Veneto,51-100
20-07-06,Veneto,51-100
20-07-20,Veneto,51-100
20-03-02,Friuli,51-100
20-04-20,Friuli,51-100
20-04-27,Friuli,51-100
20-05-04,Friuli,51-100
20-05-11,Friuli,51-100
20-08-10,Friuli,51-100
20-08-17,Friuli,51-100
20-08-24,Friuli,51-100
20-08-31,Friuli,51-100
21-05-31,Friuli,51-100
21-06-07,Friuli,51-100
21-06-14,Friuli,51-100
21-06-21,Friuli,51-100
21-06-28,Friuli,51-100
21-07-05,Friuli,51-100
20-02-24,Liguria,51-100
20-03-02,Liguria,51-100
20-05-25,Liguria,51-100
20-06-01,Liguria,51-100
20-06-15,Liguria,51-100
20-07-13,Liguria,51-100
20-07-20,Liguria,51-100
20-07-27,Liguria,51-100
20-08-03,Liguria,51-100
20-08-10,Liguria,51-100
20-08-17,Liguria,51-100
21-05-31,Liguria,51-100
21-06-07,Liguria,51-100
21-06-14,Liguria,51-100
21-06-28,Liguria,51-100
21-07-05,Liguria,51-100
20-06-01,Emilia,51-100
20-06-08,Emilia,51-100
20-06-15,Emilia,51-100
20-03-02,Toscana,51-100
20-05-11,Toscana,51-100
20-05-18,Toscana,51-100
20-06-29,Toscana,51-100
20-07-20,Toscana,51-100
20-07-27,Toscana,51-100
20-08-03,Toscana,51-100
20-08-10,Toscana,51-100
20-03-09,Umbria,51-100
20-03-30,Umbria,51-100
20-04-06,Umbria,51-100
20-08-17,Umbria,51-100
20-08-24,Umbria,51-100
20-08-31,Umbria,51-100
20-09-07,Umbria,51-100
20-09-14,Umbria,51-100
20-09-21,Umbria,51-100
21-05-31,Umbria,51-100
21-06-07,Umbria,51-100
21-06-14,Umbria,51-100
21-06-21,Umbria,51-100
21-06-28,Umbria,51-100
21-07-05,Umbria,51-100
20-05-04,Marche,51-100
20-05-11,Marche,51-100
20-07-27,Marche,51-100
20-08-03,Marche,51-100
20-08-10,Marche,51-100
20-08-17,Marche,51-100
20-08-24,Marche,51-100
20-08-31,Marche,51-100
20-09-21,Marche,51-100
21-06-14,Marche,51-100
21-06-21,Marche,51-100
21-06-28,Marche,51-100
21-07-05,Marche,51-100
20-05-11,Lazio,51-100
20-05-18,Lazio,51-100
20-05-25,Lazio,51-100
20-06-01,Lazio,51-100
20-06-08,Lazio,51-100
20-06-15,Lazio,51-100
20-06-22,Lazio,51-100
20-06-29,Lazio,51-100
20-07-06,Lazio,51-100
20-07-13,Lazio,51-100
20-07-20,Lazio,51-100
20-07-27,Lazio,51-100
20-08-03,Lazio,51-100
20-04-20,Abruzzo,51-100
20-04-27,Abruzzo,51-100
20-05-04,Abruzzo,51-100
20-05-11,Abruzzo,51-100
20-08-03,Abruzzo,51-100
20-08-10,Abruzzo,51-100
20-08-17,Abruzzo,51-100
20-08-24,Abruzzo,51-100
20-08-31,Abruzzo,51-100
20-09-07,Abruzzo,51-100
20-09-14,Abruzzo,51-100
20-09-21,Abruzzo,51-100
21-06-07,Abruzzo,51-100
21-06-14,Abruzzo,51-100
21-06-21,Abruzzo,51-100
21-06-28,Abruzzo,51-100
21-07-05,Abruzzo,51-100
20-03-23,Molise,51-100
20-03-30,Molise,51-100
20-05-04,Molise,51-100
20-10-05,Molise,51-100
21-03-29,Molise,51-100
21-04-05,Molise,51-100
21-04-26,Molise,51-100
21-05-03,Molise,51-100
21-05-10,Molise,51-100
20-03-02,Campania,51-100
20-04-27,Campania,51-100
20-05-04,Campania,51-100
20-05-11,Campania,51-100
20-05-18,Campania,51-100
20-05-25,Campania,51-100
20-06-22,Campania,51-100
20-06-29,Campania,51-100
20-07-13,Campania,51-100
20-07-20,Campania,51-100
20-07-27,Campania,51-100
20-08-03,Campania,51-100
20-04-27,Puglia,51-100
20-05-04,Puglia,51-100
20-05-11,Puglia,51-100
20-05-18,Puglia,51-100
20-07-27,Puglia,51-100
20-08-03,Puglia,51-100
20-08-10,Puglia,51-100
20-03-16,Basilicata,51-100
20-03-23,Basilicata,51-100
20-03-30,Basilicata,51-100
20-09-07,Basilicata,51-100
20-09-21,Basilicata,51-100
20-09-28,Basilicata,51-100
20-10-05,Basilicata,51-100
21-05-31,Basilicata,51-100
21-06-07,Basilicata,51-100
21-06-14,Basilicata,51-100
21-06-21,Basilicata,51-100
21-06-28,Basilicata,51-100
21-07-05,Basilicata,51-100
20-03-09,Calabria,51-100
20-03-30,Calabria,51-100
20-04-06,Calabria,51-100
20-04-13,Calabria,51-100
20-08-10,Calabria,51-100
20-08-24,Calabria,51-100
20-08-31,Calabria,51-100
20-09-07,Calabria,51-100
20-09-14,Calabria,51-100
20-09-21,Calabria,51-100
20-09-28,Calabria,51-100
21-06-28,Calabria,51-100
21-07-05,Calabria,51-100
20-03-02,Sicilia,51-100
20-03-09,Sicilia,51-100
20-04-13,Sicilia,51-100
20-04-20,Sicilia,51-100
20-04-27,Sicilia,51-100
20-05-04,Sicilia,51-100
20-07-20,Sicilia,51-100
20-07-27,Sicilia,51-100
20-03-09,Sardegna,51-100
20-04-13,Sardegna,51-100
20-08-10,Sardegna,51-100
21-06-07,Sardegna,51-100
21-06-14,Sardegna,51-100
21-06-21,Sardegna,51-100
21-06-28,Sardegna,51-100
21-07-05,Sardegna,51-100
20-03-02,Piemonte,101-200
20-05-25,Piemonte,101-200
20-08-10,Piemonte,101-200
20-08-17,Piemonte,101-200
20-08-31,Piemonte,101-200
21-06-14,Piemonte,101-200
21-06-21,Piemonte,101-200
20-03-16,Valle Aosta,101-200
20-03-30,Valle Aosta,101-200
20-10-12,Valle Aosta,101-200
20-11-23,Valle Aosta,101-200
20-11-30,Valle Aosta,101-200
21-03-08,Valle Aosta,101-200
21-03-15,Valle Aosta,101-200
21-03-22,Valle Aosta,101-200
21-04-05,Valle Aosta,101-200
21-04-12,Valle Aosta,101-200
21-04-19,Valle Aosta,101-200
21-04-26,Valle Aosta,101-200
20-07-13,Lombardia,101-200
20-07-20,Lombardia,101-200
20-07-27,Lombardia,101-200
20-03-09,PA Bolzano,101-200
20-03-16,PA Bolzano,101-200
20-03-30,PA Bolzano,101-200
20-04-06,PA Bolzano,101-200
20-04-13,PA Bolzano,101-200
20-10-05,PA Bolzano,101-200
21-04-12,PA Bolzano,101-200
21-04-26,PA Bolzano,101-200
21-05-03,PA Bolzano,101-200
21-05-10,PA Bolzano,101-200
21-05-17,PA Bolzano,101-200
21-05-24,PA Bolzano,101-200
20-03-09,PA Trento,101-200
20-04-13,PA Trento,101-200
20-04-20,PA Trento,101-200
20-04-27,PA Trento,101-200
20-05-04,PA Trento,101-200
20-08-31,PA Trento,101-200
20-09-14,PA Trento,101-200
20-09-21,PA Trento,101-200
20-09-28,PA Trento,101-200
20-10-05,PA Trento,101-200
21-04-26,PA Trento,101-200
21-05-03,PA Trento,101-200
21-05-10,PA Trento,101-200
21-05-17,PA Trento,101-200
21-05-24,PA Trento,101-200
20-02-24,Veneto,101-200
20-05-04,Veneto,101-200
20-05-11,Veneto,101-200
20-07-13,Veneto,101-200
20-07-27,Veneto,101-200
20-08-03,Veneto,101-200
21-06-14,Veneto,101-200
21-06-21,Veneto,101-200
21-06-28,Veneto,101-200
20-03-09,Friuli,101-200
20-03-30,Friuli,101-200
20-04-06,Friuli,101-200
20-04-13,Friuli,101-200
20-09-07,Friuli,101-200
20-09-14,Friuli,101-200
20-09-21,Friuli,101-200
20-09-28,Friuli,101-200
21-05-10,Friuli,101-200
21-05-17,Friuli,101-200
21-05-24,Friuli,101-200
20-05-04,Liguria,101-200
20-05-11,Liguria,101-200
20-05-18,Liguria,101-200
20-08-24,Liguria,101-200
20-08-31,Liguria,101-200
21-05-24,Liguria,101-200
20-02-24,Emilia,101-200
20-05-11,Emilia,101-200
20-05-18,Emilia,101-200
20-05-25,Emilia,101-200
20-06-22,Emilia,101-200
20-06-29,Emilia,101-200
20-07-06,Emilia,101-200
20-07-13,Emilia,101-200
20-07-20,Emilia,101-200
20-07-27,Emilia,101-200
20-08-03,Emilia,101-200
20-08-10,Emilia,101-200
21-06-21,Emilia,101-200
21-06-28,Emilia,101-200
21-07-05,Emilia,101-200
20-04-27,Toscana,101-200
20-05-04,Toscana,101-200
20-08-17,Toscana,101-200
21-06-14,Toscana,101-200
21-06-21,Toscana,101-200
21-06-28,Toscana,101-200
21-07-05,Toscana,101-200
20-03-16,Umbria,101-200
20-03-23,Umbria,101-200
20-09-28,Umbria,101-200
21-05-17,Umbria,101-200
21-05-24,Umbria,101-200
20-03-02,Marche,101-200
20-04-13,Marche,101-200
20-04-20,Marche,101-200
20-04-27,Marche,101-200
20-09-07,Marche,101-200
20-09-14,Marche,101-200
20-09-28,Marche,101-200
21-05-31,Marche,101-200
21-06-07,Marche,101-200
20-03-02,Lazio,101-200
20-04-20,Lazio,101-200
20-04-27,Lazio,101-200
20-05-04,Lazio,101-200
20-08-10,Lazio,101-200
21-06-28,Lazio,101-200
20-03-09,Abruzzo,101-200
20-04-06,Abruzzo,101-200
20-04-13,Abruzzo,101-200
20-09-28,Abruzzo,101-200
21-05-17,Abruzzo,101-200
21-05-24,Abruzzo,101-200
21-05-31,Abruzzo,101-200
20-10-12,Molise,101-200
20-10-19,Molise,101-200
20-12-07,Molise,101-200
20-12-14,Molise,101-200
20-12-21,Molise,101-200
20-12-28,Molise,101-200
21-01-04,Molise,101-200
21-01-11,Molise,101-200
21-01-18,Molise,101-200
21-01-25,Molise,101-200
21-03-01,Molise,101-200
21-03-08,Molise,101-200
21-03-15,Molise,101-200
21-03-22,Molise,101-200
21-04-12,Molise,101-200
21-04-19,Molise,101-200
20-03-09,Campania,101-200
20-04-13,Campania,101-200
20-04-20,Campania,101-200
20-08-10,Campania,101-200
20-03-09,Puglia,101-200
20-04-13,Puglia,101-200
20-04-20,Puglia,101-200
20-08-17,Puglia,101-200
20-08-24,Puglia,101-200
20-08-31,Puglia,101-200
21-06-21,Puglia,101-200
21-06-28,Puglia,101-200
21-07-05,Puglia,101-200
20-10-12,Basilicata,101-200
20-10-19,Basilicata,101-200
20-12-07,Basilicata,101-200
20-12-14,Basilicata,101-200
20-12-21,Basilicata,101-200
21-01-18,Basilicata,101-200
21-01-25,Basilicata,101-200
21-02-01,Basilicata,101-200
21-05-17,Basilicata,101-200
21-05-24,Basilicata,101-200
20-03-16,Calabria,101-200
20-03-23,Calabria,101-200
20-10-05,Calabria,101-200
21-06-14,Calabria,101-200
21-06-21,Calabria,101-200
20-03-30,Sicilia,101-200
20-04-06,Sicilia,101-200
20-08-03,Sicilia,101-200
20-08-10,Sicilia,101-200
20-08-17,Sicilia,101-200
20-08-24,Sicilia,101-200
20-03-16,Sardegna,101-200
20-03-23,Sardegna,101-200
20-03-30,Sardegna,101-200
20-04-06,Sardegna,101-200
20-08-17,Sardegna,101-200
20-08-24,Sardegna,101-200
20-08-31,Sardegna,101-200
20-09-07,Sardegna,101-200
20-09-14,Sardegna,101-200
21-05-10,Sardegna,101-200
21-05-17,Sardegna,101-200
21-05-24,Sardegna,101-200
21-05-31,Sardegna,101-200
20-05-11,Piemonte,201-500
20-05-18,Piemonte,201-500
20-08-24,Piemonte,201-500
20-09-07,Piemonte,201-500
20-09-14,Piemonte,201-500
20-09-21,Piemonte,201-500
21-06-07,Piemonte,201-500
20-10-19,Valle Aosta,201-500
20-10-26,Valle Aosta,201-500
20-11-02,Valle Aosta,201-500
20-11-16,Valle Aosta,201-500
21-03-29,Valle Aosta,201-500
20-06-15,Lombardia,201-500
20-06-22,Lombardia,201-500
20-06-29,Lombardia,201-500
20-07-06,Lombardia,201-500
20-08-03,Lombardia,201-500
20-08-10,Lombardia,201-500
21-06-21,Lombardia,201-500
21-06-28,Lombardia,201-500
20-03-23,PA Bolzano,201-500
20-10-12,PA Bolzano,201-500
21-03-08,PA Bolzano,201-500
21-03-15,PA Bolzano,201-500
21-03-22,PA Bolzano,201-500
21-03-29,PA Bolzano,201-500
21-04-05,PA Bolzano,201-500
21-04-19,PA Bolzano,201-500
20-03-16,PA Trento,201-500
20-03-23,PA Trento,201-500
20-03-30,PA Trento,201-500
20-04-06,PA Trento,201-500
20-10-12,PA Trento,201-500
21-03-29,PA Trento,201-500
21-04-05,PA Trento,201-500
21-04-12,PA Trento,201-500
21-04-19,PA Trento,201-500
20-03-02,Veneto,201-500
20-04-27,Veneto,201-500
20-08-10,Veneto,201-500
20-08-17,Veneto,201-500
20-08-24,Veneto,201-500
20-09-07,Veneto,201-500
21-05-31,Veneto,201-500
21-06-07,Veneto,201-500
21-07-05,Veneto,201-500
20-03-16,Friuli,201-500
20-03-23,Friuli,201-500
20-10-05,Friuli,201-500
20-10-12,Friuli,201-500
21-04-26,Friuli,201-500
21-05-03,Friuli,201-500
20-03-09,Liguria,201-500
20-04-13,Liguria,201-500
20-04-20,Liguria,201-500
20-04-27,Liguria,201-500
20-09-07,Liguria,201-500
20-09-14,Liguria,201-500
20-09-21,Liguria,201-500
20-09-28,Liguria,201-500
21-05-10,Liguria,201-500
21-05-17,Liguria,201-500
20-05-04,Emilia,201-500
20-08-17,Emilia,201-500
20-08-24,Emilia,201-500
20-08-31,Emilia,201-500
20-09-07,Emilia,201-500
20-09-14,Emilia,201-500
20-09-21,Emilia,201-500
21-06-07,Emilia,201-500
21-06-14,Emilia,201-500
20-03-09,Toscana,201-500
20-04-13,Toscana,201-500
20-04-20,Toscana,201-500
20-08-24,Toscana,201-500
20-08-31,Toscana,201-500
20-09-07,Toscana,201-500
20-09-14,Toscana,201-500
20-09-21,Toscana,201-500
21-06-07,Toscana,201-500
20-10-05,Umbria,201-500
20-12-14,Umbria,201-500
20-12-21,Umbria,201-500
21-04-05,Umbria,201-500
21-04-12,Umbria,201-500
21-04-19,Umbria,201-500
21-04-26,Umbria,201-500
21-05-03,Umbria,201-500
21-05-10,Umbria,201-500
20-03-09,Marche,201-500
20-03-30,Marche,201-500
20-04-06,Marche,201-500
20-10-05,Marche,201-500
21-05-17,Marche,201-500
21-05-24,Marche,201-500
20-03-09,Lazio,201-500
20-04-06,Lazio,201-500
20-04-13,Lazio,201-500
21-06-14,Lazio,201-500
21-06-21,Lazio,201-500
21-07-05,Lazio,201-500
20-03-16,Abruzzo,201-500
20-03-23,Abruzzo,201-500
20-03-30,Abruzzo,201-500
20-10-05,Abruzzo,201-500
20-12-21,Abruzzo,201-500
21-05-03,Abruzzo,201-500
21-05-10,Abruzzo,201-500
20-10-26,Molise,201-500
20-11-02,Molise,201-500
20-11-09,Molise,201-500
20-11-16,Molise,201-500
20-11-23,Molise,201-500
20-11-30,Molise,201-500
21-02-01,Molise,201-500
21-02-08,Molise,201-500
21-02-15,Molise,201-500
21-02-22,Molise,201-500
20-03-16,Campania,201-500
20-03-23,Campania,201-500
20-03-30,Campania,201-500
20-04-06,Campania,201-500
20-08-17,Campania,201-500
20-08-31,Campania,201-500
20-09-07,Campania,201-500
21-06-14,Campania,201-500
21-06-21,Campania,201-500
21-06-28,Campania,201-500
21-07-05,Campania,201-500
20-03-16,Puglia,201-500
20-03-23,Puglia,201-500
20-03-30,Puglia,201-500
20-04-06,Puglia,201-500
20-09-07,Puglia,201-500
20-09-14,Puglia,201-500
20-09-21,Puglia,201-500
20-09-28,Puglia,201-500
21-05-31,Puglia,201-500
21-06-07,Puglia,201-500
21-06-14,Puglia,201-500
20-10-26,Basilicata,201-500
20-11-30,Basilicata,201-500
20-12-28,Basilicata,201-500
21-01-04,Basilicata,201-500
21-01-11,Basilicata,201-500
21-02-08,Basilicata,201-500
21-02-15,Basilicata,201-500
21-02-22,Basilicata,201-500
21-03-01,Basilicata,201-500
21-03-08,Basilicata,201-500
21-03-15,Basilicata,201-500
21-03-22,Basilicata,201-500
21-03-29,Basilicata,201-500
21-04-26,Basilicata,201-500
21-05-03,Basilicata,201-500
21-05-10,Basilicata,201-500
20-10-12,Calabria,201-500
21-05-24,Calabria,201-500
21-05-31,Calabria,201-500
21-06-07,Calabria,201-500
20-03-16,Sicilia,201-500
20-03-23,Sicilia,201-500
20-08-31,Sicilia,201-500
20-09-07,Sicilia,201-500
20-09-14,Sicilia,201-500
20-09-21,Sicilia,201-500
21-06-21,Sicilia,201-500
21-06-28,Sicilia,201-500
21-07-05,Sicilia,201-500
20-09-21,Sardegna,201-500
20-09-28,Sardegna,201-500
20-10-05,Sardegna,201-500
21-02-01,Sardegna,201-500
21-02-08,Sardegna,201-500
21-02-15,Sardegna,201-500
21-02-22,Sardegna,201-500
21-03-01,Sardegna,201-500
21-03-08,Sardegna,201-500
21-03-15,Sardegna,201-500
21-05-03,Sardegna,201-500
20-03-09,Piemonte,501-1000
20-03-16,Piemonte,501-1000
20-03-23,Piemonte,501-1000
20-03-30,Piemonte,501-1000
20-04-06,Piemonte,501-1000
20-04-13,Piemonte,501-1000
20-04-20,Piemonte,501-1000
20-04-27,Piemonte,501-1000
20-05-04,Piemonte,501-1000
20-09-28,Piemonte,501-1000
20-10-05,Piemonte,501-1000
20-12-21,Piemonte,501-1000
21-05-03,Piemonte,501-1000
21-05-10,Piemonte,501-1000
21-05-17,Piemonte,501-1000
21-05-24,Piemonte,501-1000
21-05-31,Piemonte,501-1000
20-11-09,Valle Aosta,501-1000
20-02-24,Lombardia,501-1000
20-03-02,Lombardia,501-1000
20-04-27,Lombardia,501-1000
20-05-04,Lombardia,501-1000
20-05-11,Lombardia,501-1000
20-05-18,Lombardia,501-1000
20-05-25,Lombardia,501-1000
20-06-01,Lombardia,501-1000
20-06-08,Lombardia,501-1000
20-08-17,Lombardia,501-1000
20-08-24,Lombardia,501-1000
20-08-31,Lombardia,501-1000
20-09-07,Lombardia,501-1000
20-09-14,Lombardia,501-1000
20-09-21,Lombardia,501-1000
20-09-28,Lombardia,501-1000
21-05-24,Lombardia,501-1000
21-05-31,Lombardia,501-1000
21-06-07,Lombardia,501-1000
21-06-14,Lombardia,501-1000
21-07-05,Lombardia,501-1000
20-10-19,PA Bolzano,501-1000
20-10-26,PA Bolzano,501-1000
20-11-02,PA Bolzano,501-1000
20-11-09,PA Bolzano,501-1000
20-11-16,PA Bolzano,501-1000
20-11-23,PA Bolzano,501-1000
20-11-30,PA Bolzano,501-1000
20-12-07,PA Bolzano,501-1000
20-12-14,PA Bolzano,501-1000
20-12-21,PA Bolzano,501-1000
20-12-28,PA Bolzano,501-1000
21-01-04,PA Bolzano,501-1000
21-01-11,PA Bolzano,501-1000
21-01-18,PA Bolzano,501-1000
21-01-25,PA Bolzano,501-1000
21-02-01,PA Bolzano,501-1000
21-02-08,PA Bolzano,501-1000
21-02-15,PA Bolzano,501-1000
21-02-22,PA Bolzano,501-1000
21-03-01,PA Bolzano,501-1000
20-10-19,PA Trento,501-1000
20-10-26,PA Trento,501-1000
20-11-02,PA Trento,501-1000
20-11-09,PA Trento,501-1000
20-11-16,PA Trento,501-1000
20-11-23,PA Trento,501-1000
20-11-30,PA Trento,501-1000
20-12-07,PA Trento,501-1000
20-12-14,PA Trento,501-1000
20-12-21,PA Trento,501-1000
20-12-28,PA Trento,501-1000
21-01-04,PA Trento,501-1000
21-01-11,PA Trento,501-1000
21-01-18,PA Trento,501-1000
21-01-25,PA Trento,501-1000
21-02-01,PA Trento,501-1000
21-02-08,PA Trento,501-1000
21-02-15,PA Trento,501-1000
21-02-22,PA Trento,501-1000
21-03-01,PA Trento,501-1000
21-03-08,PA Trento,501-1000
21-03-15,PA Trento,501-1000
21-03-22,PA Trento,501-1000
20-03-09,Veneto,501-1000
20-03-16,Veneto,501-1000
20-03-23,Veneto,501-1000
20-03-30,Veneto,501-1000
20-04-06,Veneto,501-1000
20-04-13,Veneto,501-1000
20-04-20,Veneto,501-1000
20-08-31,Veneto,501-1000
20-09-14,Veneto,501-1000
20-09-21,Veneto,501-1000
20-09-28,Veneto,501-1000
20-10-05,Veneto,501-1000
20-10-12,Veneto,501-1000
21-02-01,Veneto,501-1000
21-02-08,Veneto,501-1000
21-05-03,Veneto,501-1000
21-05-10,Veneto,501-1000
21-05-17,Veneto,501-1000
21-05-24,Veneto,501-1000
20-10-19,Friuli,501-1000
20-10-26,Friuli,501-1000
20-11-02,Friuli,501-1000
20-11-09,Friuli,501-1000
20-11-30,Friuli,501-1000
20-12-07,Friuli,501-1000
20-12-14,Friuli,501-1000
20-12-21,Friuli,501-1000
20-12-28,Friuli,501-1000
21-01-04,Friuli,501-1000
21-01-11,Friuli,501-1000
21-01-18,Friuli,501-1000
21-01-25,Friuli,501-1000
21-02-01,Friuli,501-1000
21-02-08,Friuli,501-1000
21-02-15,Friuli,501-1000
21-02-22,Friuli,501-1000
21-03-01,Friuli,501-1000
21-03-22,Friuli,501-1000
21-03-29,Friuli,501-1000
21-04-05,Friuli,501-1000
21-04-12,Friuli,501-1000
21-04-19,Friuli,501-1000
20-03-16,Liguria,501-1000
20-03-23,Liguria,501-1000
20-03-30,Liguria,501-1000
20-04-06,Liguria,501-1000
20-10-05,Liguria,501-1000
20-10-12,Liguria,501-1000
20-11-16,Liguria,501-1000
20-11-23,Liguria,501-1000
20-11-30,Liguria,501-1000
20-12-07,Liguria,501-1000
20-12-14,Liguria,501-1000
20-12-21,Liguria,501-1000
20-12-28,Liguria,501-1000
21-01-04,Liguria,501-1000
21-01-11,Liguria,501-1000
21-01-18,Liguria,501-1000
21-01-25,Liguria,501-1000
21-02-01,Liguria,501-1000
21-02-08,Liguria,501-1000
21-02-15,Liguria,501-1000
21-02-22,Liguria,501-1000
21-03-01,Liguria,501-1000
21-03-08,Liguria,501-1000
21-03-15,Liguria,501-1000
21-03-22,Liguria,501-1000
21-03-29,Liguria,501-1000
21-04-05,Liguria,501-1000
21-04-12,Liguria,501-1000
21-04-19,Liguria,501-1000
21-04-26,Liguria,501-1000
21-05-03,Liguria,501-1000
20-03-02,Emilia,501-1000
20-03-09,Emilia,501-1000
20-03-23,Emilia,501-1000
20-03-30,Emilia,501-1000
20-04-06,Emilia,501-1000
20-04-13,Emilia,501-1000
20-04-20,Emilia,501-1000
20-04-27,Emilia,501-1000
20-09-28,Emilia,501-1000
20-10-05,Emilia,501-1000
20-10-12,Emilia,501-1000
21-05-03,Emilia,501-1000
21-05-10,Emilia,501-1000
21-05-17,Emilia,501-1000
21-05-24,Emilia,501-1000
21-05-31,Emilia,501-1000
20-03-16,Toscana,501-1000
20-03-23,Toscana,501-1000
20-03-30,Toscana,501-1000
20-04-06,Toscana,501-1000
20-09-28,Toscana,501-1000
20-10-05,Toscana,501-1000
20-11-30,Toscana,501-1000
20-12-07,Toscana,501-1000
20-12-14,Toscana,501-1000
20-12-21,Toscana,501-1000
20-12-28,Toscana,501-1000
21-01-04,Toscana,501-1000
21-01-11,Toscana,501-1000
21-01-18,Toscana,501-1000
21-01-25,Toscana,501-1000
21-02-01,Toscana,501-1000
21-02-08,Toscana,501-1000
21-05-03,Toscana,501-1000
21-05-10,Toscana,501-1000
21-05-17,Toscana,501-1000
21-05-24,Toscana,501-1000
21-05-31,Toscana,501-1000
20-10-12,Umbria,501-1000
20-10-19,Umbria,501-1000
20-10-26,Umbria,501-1000
20-11-02,Umbria,501-1000
20-11-09,Umbria,501-1000
20-11-16,Umbria,501-1000
20-11-23,Umbria,501-1000
20-11-30,Umbria,501-1000
20-12-07,Umbria,501-1000
20-12-28,Umbria,501-1000
21-01-04,Umbria,501-1000
21-01-11,Umbria,501-1000
21-01-18,Umbria,501-1000
21-01-25,Umbria,501-1000
21-02-01,Umbria,501-1000
21-02-08,Umbria,501-1000
21-02-15,Umbria,501-1000
21-02-22,Umbria,501-1000
21-03-01,Umbria,501-1000
21-03-08,Umbria,501-1000
21-03-15,Umbria,501-1000
21-03-22,Umbria,501-1000
21-03-29,Umbria,501-1000
20-03-16,Marche,501-1000
20-03-23,Marche,501-1000
20-10-12,Marche,501-1000
20-10-19,Marche,501-1000
20-10-26,Marche,501-1000
20-11-02,Marche,501-1000
20-11-09,Marche,501-1000
20-11-16,Marche,501-1000
20-11-23,Marche,501-1000
20-11-30,Marche,501-1000
20-12-07,Marche,501-1000
20-12-14,Marche,501-1000
20-12-21,Marche,501-1000
20-12-28,Marche,501-1000
21-01-04,Marche,501-1000
21-01-11,Marche,501-1000
21-01-18,Marche,501-1000
21-01-25,Marche,501-1000
21-02-01,Marche,501-1000
21-02-08,Marche,501-1000
21-02-15,Marche,501-1000
21-02-22,Marche,501-1000
21-03-15,Marche,501-1000
21-03-22,Marche,501-1000
21-03-29,Marche,501-1000
21-04-05,Marche,501-1000
21-04-12,Marche,501-1000
21-04-19,Marche,501-1000
21-04-26,Marche,501-1000
21-05-03,Marche,501-1000
21-05-10,Marche,501-1000
20-03-16,Lazio,501-1000
20-03-23,Lazio,501-1000
20-03-30,Lazio,501-1000
20-08-17,Lazio,501-1000
20-08-24,Lazio,501-1000
20-08-31,Lazio,501-1000
20-09-07,Lazio,501-1000
20-09-14,Lazio,501-1000
20-09-21,Lazio,501-1000
20-09-28,Lazio,501-1000
20-10-05,Lazio,501-1000
21-05-10,Lazio,501-1000
21-05-17,Lazio,501-1000
21-05-24,Lazio,501-1000
21-05-31,Lazio,501-1000
21-06-07,Lazio,501-1000
20-10-12,Abruzzo,501-1000
20-10-19,Abruzzo,501-1000
20-10-26,Abruzzo,501-1000
20-11-02,Abruzzo,501-1000
20-11-09,Abruzzo,501-1000
20-11-16,Abruzzo,501-1000
20-11-23,Abruzzo,501-1000
20-11-30,Abruzzo,501-1000
20-12-07,Abruzzo,501-1000
20-12-14,Abruzzo,501-1000
20-12-28,Abruzzo,501-1000
21-01-04,Abruzzo,501-1000
21-01-11,Abruzzo,501-1000
21-01-18,Abruzzo,501-1000
21-01-25,Abruzzo,501-1000
21-02-01,Abruzzo,501-1000
21-02-08,Abruzzo,501-1000
21-02-15,Abruzzo,501-1000
21-02-22,Abruzzo,501-1000
21-03-01,Abruzzo,501-1000
21-03-08,Abruzzo,501-1000
21-03-15,Abruzzo,501-1000
21-03-22,Abruzzo,501-1000
21-03-29,Abruzzo,501-1000
21-04-05,Abruzzo,501-1000
21-04-12,Abruzzo,501-1000
21-04-19,Abruzzo,501-1000
21-04-26,Abruzzo,501-1000
20-08-24,Campania,501-1000
20-09-14,Campania,501-1000
20-09-21,Campania,501-1000
20-09-28,Campania,501-1000
21-05-17,Campania,501-1000
21-05-24,Campania,501-1000
21-05-31,Campania,501-1000
21-06-07,Campania,501-1000
20-10-05,Puglia,501-1000
20-10-12,Puglia,501-1000
20-10-19,Puglia,501-1000
21-05-10,Puglia,501-1000
21-05-17,Puglia,501-1000
21-05-24,Puglia,501-1000
20-11-02,Basilicata,501-1000
20-11-09,Basilicata,501-1000
20-11-16,Basilicata,501-1000
20-11-23,Basilicata,501-1000
21-04-05,Basilicata,501-1000
21-04-12,Basilicata,501-1000
21-04-19,Basilicata,501-1000
20-10-19,Calabria,501-1000
20-10-26,Calabria,501-1000
20-11-02,Calabria,501-1000
20-11-09,Calabria,501-1000
20-11-16,Calabria,501-1000
20-11-23,Calabria,501-1000
20-11-30,Calabria,501-1000
20-12-07,Calabria,501-1000
20-12-14,Calabria,501-1000
20-12-21,Calabria,501-1000
20-12-28,Calabria,501-1000
21-01-04,Calabria,501-1000
21-01-11,Calabria,501-1000
21-01-18,Calabria,501-1000
21-01-25,Calabria,501-1000
21-02-01,Calabria,501-1000
21-02-08,Calabria,501-1000
21-02-15,Calabria,501-1000
21-02-22,Calabria,501-1000
21-03-01,Calabria,501-1000
21-03-08,Calabria,501-1000
21-03-15,Calabria,501-1000
21-03-22,Calabria,501-1000
21-03-29,Calabria,501-1000
21-04-05,Calabria,501-1000
21-04-12,Calabria,501-1000
21-04-19,Calabria,501-1000
21-04-26,Calabria,501-1000
21-05-03,Calabria,501-1000
21-05-10,Calabria,501-1000
21-05-17,Calabria,501-1000
20-09-28,Sicilia,501-1000
20-10-05,Sicilia,501-1000
20-10-12,Sicilia,501-1000
21-02-01,Sicilia,501-1000
21-02-08,Sicilia,501-1000
21-02-15,Sicilia,501-1000
21-02-22,Sicilia,501-1000
21-03-01,Sicilia,501-1000
21-03-08,Sicilia,501-1000
21-05-10,Sicilia,501-1000
21-05-17,Sicilia,501-1000
21-05-24,Sicilia,501-1000
21-05-31,Sicilia,501-1000
21-06-07,Sicilia,501-1000
21-06-14,Sicilia,501-1000
20-10-12,Sardegna,501-1000
20-10-19,Sardegna,501-1000
20-10-26,Sardegna,501-1000
20-11-02,Sardegna,501-1000
20-11-09,Sardegna,501-1000
20-11-16,Sardegna,501-1000
20-11-23,Sardegna,501-1000
20-11-30,Sardegna,501-1000
20-12-07,Sardegna,501-1000
20-12-14,Sardegna,501-1000
20-12-21,Sardegna,501-1000
20-12-28,Sardegna,501-1000
21-01-04,Sardegna,501-1000
21-01-11,Sardegna,501-1000
21-01-18,Sardegna,501-1000
21-01-25,Sardegna,501-1000
21-03-22,Sardegna,501-1000
21-03-29,Sardegna,501-1000
21-04-05,Sardegna,501-1000
21-04-12,Sardegna,501-1000
21-04-19,Sardegna,501-1000
21-04-26,Sardegna,501-1000
20-10-12,Piemonte,1000+
20-10-19,Piemonte,1000+
20-10-26,Piemonte,1000+
20-11-02,Piemonte,1000+
20-11-09,Piemonte,1000+
20-11-16,Piemonte,1000+
20-11-23,Piemonte,1000+
20-11-30,Piemonte,1000+
20-12-07,Piemonte,1000+
20-12-14,Piemonte,1000+
20-12-28,Piemonte,1000+
21-01-04,Piemonte,1000+
21-01-11,Piemonte,1000+
21-01-18,Piemonte,1000+
21-01-25,Piemonte,1000+
21-02-01,Piemonte,1000+
21-02-08,Piemonte,1000+
21-02-15,Piemonte,1000+
21-02-22,Piemonte,1000+
21-03-01,Piemonte,1000+
21-03-08,Piemonte,1000+
21-03-15,Piemonte,1000+
21-03-22,Piemonte,1000+
21-03-29,Piemonte,1000+
21-04-05,Piemonte,1000+
21-04-12,Piemonte,1000+
21-04-19,Piemonte,1000+
21-04-26,Piemonte,1000+
20-03-09,Lombardia,1000+
20-03-16,Lombardia,1000+
20-03-23,Lombardia,1000+
20-03-30,Lombardia,1000+
20-04-06,Lombardia,1000+
20-04-13,Lombardia,1000+
20-04-20,Lombardia,1000+
20-10-05,Lombardia,1000+
20-10-12,Lombardia,1000+
20-10-19,Lombardia,1000+
20-10-26,Lombardia,1000+
20-11-02,Lombardia,1000+
20-11-09,Lombardia,1000+
20-11-16,Lombardia,1000+
20-11-23,Lombardia,1000+
20-11-30,Lombardia,1000+
20-12-07,Lombardia,1000+
20-12-14,Lombardia,1000+
20-12-21,Lombardia,1000+
20-12-28,Lombardia,1000+
21-01-04,Lombardia,1000+
21-01-11,Lombardia,1000+
21-01-18,Lombardia,1000+
21-01-25,Lombardia,1000+
21-02-01,Lombardia,1000+
21-02-08,Lombardia,1000+
21-02-15,Lombardia,1000+
21-02-22,Lombardia,1000+
21-03-01,Lombardia,1000+
21-03-08,Lombardia,1000+
21-03-15,Lombardia,1000+
21-03-22,Lombardia,1000+
21-03-29,Lombardia,1000+
21-04-05,Lombardia,1000+
21-04-12,Lombardia,1000+
21-04-19,Lombardia,1000+
21-04-26,Lombardia,1000+
21-05-03,Lombardia,1000+
21-05-10,Lombardia,1000+
21-05-17,Lombardia,1000+
20-10-19,Veneto,1000+
20-10-26,Veneto,1000+
20-11-02,Veneto,1000+
20-11-09,Veneto,1000+
20-11-16,Veneto,1000+
20-11-23,Veneto,1000+
20-11-30,Veneto,1000+
20-12-07,Veneto,1000+
20-12-14,Veneto,1000+
20-12-21,Veneto,1000+
20-12-28,Veneto,1000+
21-01-04,Veneto,1000+
21-01-11,Veneto,1000+
21-01-18,Veneto,1000+
21-01-25,Veneto,1000+
21-02-15,Veneto,1000+
21-02-22,Veneto,1000+
21-03-01,Veneto,1000+
21-03-08,Veneto,1000+
21-03-15,Veneto,1000+
21-03-22,Veneto,1000+
21-03-29,Veneto,1000+
21-04-05,Veneto,1000+
21-04-12,Veneto,1000+
21-04-19,Veneto,1000+
21-04-26,Veneto,1000+
20-11-16,Friuli,1000+
20-11-23,Friuli,1000+
21-03-08,Friuli,1000+
21-03-15,Friuli,1000+
20-10-19,Liguria,1000+
20-10-26,Liguria,1000+
20-11-02,Liguria,1000+
20-11-09,Liguria,1000+
20-03-16,Emilia,1000+
20-10-19,Emilia,1000+
20-10-26,Emilia,1000+
20-11-02,Emilia,1000+
20-11-09,Emilia,1000+
20-11-16,Emilia,1000+
20-11-23,Emilia,1000+
20-11-30,Emilia,1000+
20-12-07,Emilia,1000+
20-12-14,Emilia,1000+
20-12-21,Emilia,1000+
20-12-28,Emilia,1000+
21-01-04,Emilia,1000+
21-01-11,Emilia,1000+
21-01-18,Emilia,1000+
21-01-25,Emilia,1000+
21-02-01,Emilia,1000+
21-02-08,Emilia,1000+
21-02-15,Emilia,1000+
21-02-22,Emilia,1000+
21-03-01,Emilia,1000+
21-03-08,Emilia,1000+
21-03-15,Emilia,1000+
21-03-22,Emilia,1000+
21-03-29,Emilia,1000+
21-04-05,Emilia,1000+
21-04-12,Emilia,1000+
21-04-19,Emilia,1000+
21-04-26,Emilia,1000+
20-10-12,Toscana,1000+
20-10-19,Toscana,1000+
20-10-26,Toscana,1000+
20-11-02,Toscana,1000+
20-11-09,Toscana,1000+
20-11-16,Toscana,1000+
20-11-23,Toscana,1000+
21-02-15,Toscana,1000+
21-02-22,Toscana,1000+
21-03-01,Toscana,1000+
21-03-08,Toscana,1000+
21-03-15,Toscana,1000+
21-03-22,Toscana,1000+
21-03-29,Toscana,1000+
21-04-05,Toscana,1000+
21-04-12,Toscana,1000+
21-04-19,Toscana,1000+
21-04-26,Toscana,1000+
21-03-01,Marche,1000+
21-03-08,Marche,1000+
20-10-12,Lazio,1000+
20-10-19,Lazio,1000+
20-10-26,Lazio,1000+
20-11-02,Lazio,1000+
20-11-09,Lazio,1000+
20-11-16,Lazio,1000+
20-11-23,Lazio,1000+
20-11-30,Lazio,1000+
20-12-07,Lazio,1000+
20-12-14,Lazio,1000+
20-12-21,Lazio,1000+
20-12-28,Lazio,1000+
21-01-04,Lazio,1000+
21-01-11,Lazio,1000+
21-01-18,Lazio,1000+
21-01-25,Lazio,1000+
21-02-01,Lazio,1000+
21-02-08,Lazio,1000+
21-02-15,Lazio,1000+
21-02-22,Lazio,1000+
21-03-01,Lazio,1000+
21-03-08,Lazio,1000+
21-03-15,Lazio,1000+
21-03-22,Lazio,1000+
21-03-29,Lazio,1000+
21-04-05,Lazio,1000+
21-04-12,Lazio,1000+
21-04-19,Lazio,1000+
21-04-26,Lazio,1000+
21-05-03,Lazio,1000+
20-10-05,Campania,1000+
20-10-12,Campania,1000+
20-10-19,Campania,1000+
20-10-26,Campania,1000+
20-11-02,Campania,1000+
20-11-09,Campania,1000+
20-11-16,Campania,1000+
20-11-23,Campania,1000+
20-11-30,Campania,1000+
20-12-07,Campania,1000+
20-12-14,Campania,1000+
20-12-21,Campania,1000+
20-12-28,Campania,1000+
21-01-04,Campania,1000+
21-01-11,Campania,1000+
21-01-18,Campania,1000+
21-01-25,Campania,1000+
21-02-01,Campania,1000+
21-02-08,Campania,1000+
21-02-15,Campania,1000+
21-02-22,Campania,1000+
21-03-01,Campania,1000+
21-03-08,Campania,1000+
21-03-15,Campania,1000+
21-03-22,Campania,1000+
21-03-29,Campania,1000+
21-04-05,Campania,1000+
21-04-12,Campania,1000+
21-04-19,Campania,1000+
21-04-26,Campania,1000+
21-05-03,Campania,1000+
21-05-10,Campania,1000+
20-10-26,Puglia,1000+
20-11-02,Puglia,1000+
20-11-09,Puglia,1000+
20-11-16,Puglia,1000+
20-11-23,Puglia,1000+
20-11-30,Puglia,1000+
20-12-07,Puglia,1000+
20-12-14,Puglia,1000+
20-12-21,Puglia,1000+
20-12-28,Puglia,1000+
21-01-04,Puglia,1000+
21-01-11,Puglia,1000+
21-01-18,Puglia,1000+
21-01-25,Puglia,1000+
21-02-01,Puglia,1000+
21-02-08,Puglia,1000+
21-02-15,Puglia,1000+
21-02-22,Puglia,1000+
21-03-01,Puglia,1000+
21-03-08,Puglia,1000+
21-03-15,Puglia,1000+
21-03-22,Puglia,1000+
21-03-29,Puglia,1000+
21-04-05,Puglia,1000+
21-04-12,Puglia,1000+
21-04-19,Puglia,1000+
21-04-26,Puglia,1000+
21-05-03,Puglia,1000+
20-10-19,Sicilia,1000+
20-10-26,Sicilia,1000+
20-11-02,Sicilia,1000+
20-11-09,Sicilia,1000+
20-11-16,Sicilia,1000+
20-11-23,Sicilia,1000+
20-11-30,Sicilia,1000+
20-12-07,Sicilia,1000+
20-12-14,Sicilia,1000+
20-12-21,Sicilia,1000+
20-12-28,Sicilia,1000+
21-01-04,Sicilia,1000+
21-01-11,Sicilia,1000+
21-01-18,Sicilia,1000+
21-01-25,Sicilia,1000+
21-03-15,Sicilia,1000+
21-03-22,Sicilia,1000+
21-03-29,Sicilia,1000+
21-04-05,Sicilia,1000+
21-04-12,Sicilia,1000+
21-04-19,Sicilia,1000+
21-04-26,Sicilia,1000+
21-05-03,Sicilia,1000+
